"Title.href","Title.text","Author.href","Author.text","Price","Format.href","Format.text","Release_Date","index","url"
"http://www.barnesandnoble.com/w/go-set-a-watchman-harper-lee/1121151104;jsessionid=DE8140C0430EC72B4825D8D9BBFC4117.prodny_store01-atgap10?ean=9780062409850","Go Set a Watchman","http://www.barnesandnoble.com/s/%22Harper Lee%22;jsessionid=DE8140C0430EC72B4825D8D9BBFC4117.prodny_store01-atgap10?Ntk=P_key_Contributor_List&Ns=P_Sales_Rank&Ntx=mode+matchall","Harper Lee","$16.62","http://www.barnesandnoble.com/w/go-set-a-watchman-harper-lee/1121151104;jsessionid=DE8140C0430EC72B4825D8D9BBFC4117.prodny_store01-atgap10?ean=9780062409850","Hardcover","(07/14/2015)","1","http://www.barnesandnoble.com/b/the-top-100-bestsellers-of-the-year/_/N-1p4d?No=0&Nrpp=20"
"http://www.barnesandnoble.com/w/grey-e-l-james/1122036118;jsessionid=DE8140C0430EC72B4825D8D9BBFC4117.prodny_store01-atgap10?ean=9781101946343","Grey: Fifty Shades of Grey as Told by Christian","http://www.barnesandnoble.com/s/%22E L James%22;jsessionid=DE8140C0430EC72B4825D8D9BBFC4117.prodny_store01-atgap10?Ntk=P_key_Contributor_List&Ns=P_Sales_Rank&Ntx=mode+matchall","E L James","$9.97","http://www.barnesandnoble.com/w/grey-e-l-james/1122036118;jsessionid=DE8140C0430EC72B4825D8D9BBFC4117.prodny_store01-atgap10?ean=9781101946343","Paperback","(06/18/2015)","2","http://www.barnesandnoble.com/b/the-top-100-bestsellers-of-the-year/_/N-1p4d?No=0&Nrpp=20"
"http://www.barnesandnoble.com/w/secret-garden-johanna-basford/1115869898;jsessionid=DE8140C0430EC72B4825D8D9BBFC4117.prodny_store01-atgap10?ean=9781780671062","Secret Garden: An Inky Treasure Hunt and Coloring Book","http://www.barnesandnoble.com/s/%22Johanna Basford%22;jsessionid=DE8140C0430EC72B4825D8D9BBFC4117.prodny_store01-atgap10?Ntk=P_key_Contributor_List&Ns=P_Sales_Rank&Ntx=mode+matchall","Johanna Basford","$9.95","http://www.barnesandnoble.com/w/secret-garden-johanna-basford/1115869898;jsessionid=DE8140C0430EC72B4825D8D9BBFC4117.prodny_store01-atgap10?ean=9781780671062","Paperback","(03/26/2013)","3","http://www.barnesandnoble.com/b/the-top-100-bestsellers-of-the-year/_/N-1p4d?No=0&Nrpp=20"
"http://www.barnesandnoble.com/w/the-girl-on-the-train-paula-hawkins/1119671425;jsessionid=DE8140C0430EC72B4825D8D9BBFC4117.prodny_store01-atgap10?ean=9781594633669","The Girl on the Train","http://www.barnesandnoble.com/s/%22Paula Hawkins%22;jsessionid=DE8140C0430EC72B4825D8D9BBFC4117.prodny_store01-atgap10?Ntk=P_key_Contributor_List&Ns=P_Sales_Rank&Ntx=mode+matchall","Paula Hawkins","$16.23","http://www.barnesandnoble.com/w/the-girl-on-the-train-paula-hawkins/1119671425;jsessionid=DE8140C0430EC72B4825D8D9BBFC4117.prodny_store01-atgap10?ean=9781594633669","Hardcover","(01/13/2015)","4","http://www.barnesandnoble.com/b/the-top-100-bestsellers-of-the-year/_/N-1p4d?No=0&Nrpp=20"
"http://www.barnesandnoble.com/w/enchanted-forest-johanna-basford/1120662541;jsessionid=DE8140C0430EC72B4825D8D9BBFC4117.prodny_store01-atgap10?ean=9781780674889","Enchanted Forest: An Inky Quest & Coloring Book","http://www.barnesandnoble.com/s/%22Johanna Basford%22;jsessionid=DE8140C0430EC72B4825D8D9BBFC4117.prodny_store01-atgap10?Ntk=P_key_Contributor_List&Ns=P_Sales_Rank&Ntx=mode+matchall","Johanna Basford","$9.95","http://www.barnesandnoble.com/w/enchanted-forest-johanna-basford/1120662541;jsessionid=DE8140C0430EC72B4825D8D9BBFC4117.prodny_store01-atgap10?ean=9781780674889","Paperback","(02/17/2015)","5","http://www.barnesandnoble.com/b/the-top-100-bestsellers-of-the-year/_/N-1p4d?No=0&Nrpp=20"
"http://www.barnesandnoble.com/w/all-the-light-we-cannot-see-anthony-doerr/1115884714;jsessionid=DE8140C0430EC72B4825D8D9BBFC4117.prodny_store01-atgap10?ean=9781476746586","All the Light We Cannot See","http://www.barnesandnoble.com/s/%22Anthony Doerr%22;jsessionid=DE8140C0430EC72B4825D8D9BBFC4117.prodny_store01-atgap10?Ntk=P_key_Contributor_List&Ns=P_Sales_Rank&Ntx=mode+matchall","Anthony Doerr","$15.90","http://www.barnesandnoble.com/w/all-the-light-we-cannot-see-anthony-doerr/1115884714;jsessionid=DE8140C0430EC72B4825D8D9BBFC4117.prodny_store01-atgap10?ean=9781476746586","Hardcover","(05/06/2014)","6","http://www.barnesandnoble.com/b/the-top-100-bestsellers-of-the-year/_/N-1p4d?No=0&Nrpp=20"
"http://www.barnesandnoble.com/w/what-pet-should-i-get-dr-seuss/1121236824;jsessionid=DE8140C0430EC72B4825D8D9BBFC4117.prodny_store01-atgap10?ean=9780553524260","What Pet Should I Get?","http://www.barnesandnoble.com/s/%22Dr. Seuss%22;jsessionid=DE8140C0430EC72B4825D8D9BBFC4117.prodny_store01-atgap10?Ntk=P_key_Contributor_List&Ns=P_Sales_Rank&Ntx=mode+matchall","Dr. Seuss","$10.83","http://www.barnesandnoble.com/w/what-pet-should-i-get-dr-seuss/1121236824;jsessionid=DE8140C0430EC72B4825D8D9BBFC4117.prodny_store01-atgap10?ean=9780553524260","Hardcover","(07/28/2015)","7","http://www.barnesandnoble.com/b/the-top-100-bestsellers-of-the-year/_/N-1p4d?No=0&Nrpp=20"
"http://www.barnesandnoble.com/w/oh-the-places-youll-go-dr-seuss/1100068206;jsessionid=DE8140C0430EC72B4825D8D9BBFC4117.prodny_store01-atgap10?ean=9780679805274","Oh, the Places You'll Go!","http://www.barnesandnoble.com/s/%22Dr. Seuss%22;jsessionid=DE8140C0430EC72B4825D8D9BBFC4117.prodny_store01-atgap10?Ntk=P_key_Contributor_List&Ns=P_Sales_Rank&Ntx=mode+matchall","Dr. Seuss","$11.66","http://www.barnesandnoble.com/w/oh-the-places-youll-go-dr-seuss/1100068206;jsessionid=DE8140C0430EC72B4825D8D9BBFC4117.prodny_store01-atgap10?ean=9780679805274","Hardcover","(01/28/1990)","8","http://www.barnesandnoble.com/b/the-top-100-bestsellers-of-the-year/_/N-1p4d?No=0&Nrpp=20"
"http://www.barnesandnoble.com/w/official-sat-study-guide-the-college-board/1100936040;jsessionid=DE8140C0430EC72B4825D8D9BBFC4117.prodny_store01-atgap10?ean=9780874478525","The Official SAT Study Guide","http://www.barnesandnoble.com/s/%22The College Board%22;jsessionid=DE8140C0430EC72B4825D8D9BBFC4117.prodny_store01-atgap10?Ntk=P_key_Contributor_List&Ns=P_Sales_Rank&Ntx=mode+matchall","The College Board","$12.91","http://www.barnesandnoble.com/w/official-sat-study-guide-the-college-board/1100936040;jsessionid=DE8140C0430EC72B4825D8D9BBFC4117.prodny_store01-atgap10?ean=9780874478525","Paperback","(07/21/2009)","9","http://www.barnesandnoble.com/b/the-top-100-bestsellers-of-the-year/_/N-1p4d?No=0&Nrpp=20"
"http://www.barnesandnoble.com/w/the-wright-brothers-david-mccullough/1120423177;jsessionid=DE8140C0430EC72B4825D8D9BBFC4117.prodny_store01-atgap10?ean=9781476728742","The Wright Brothers","http://www.barnesandnoble.com/s/%22David McCullough%22;jsessionid=DE8140C0430EC72B4825D8D9BBFC4117.prodny_store01-atgap10?Ntk=P_key_Contributor_List&Ns=P_Sales_Rank&Ntx=mode+matchall","David McCullough","$18.44","http://www.barnesandnoble.com/w/the-wright-brothers-david-mccullough/1120423177;jsessionid=DE8140C0430EC72B4825D8D9BBFC4117.prodny_store01-atgap10?ean=9781476728742","Hardcover","(05/05/2015)","10","http://www.barnesandnoble.com/b/the-top-100-bestsellers-of-the-year/_/N-1p4d?No=0&Nrpp=20"
"http://www.barnesandnoble.com/w/the-life-changing-magic-of-tidying-up-marie-kondo/1119564096;jsessionid=DE8140C0430EC72B4825D8D9BBFC4117.prodny_store01-atgap10?ean=9781607747307","The Life-Changing Magic of Tidying Up: The Japanese Art of Decluttering and Organizing","http://www.barnesandnoble.com/s/%22Marie Kondo%22;jsessionid=DE8140C0430EC72B4825D8D9BBFC4117.prodny_store01-atgap10?Ntk=P_key_Contributor_List&Ns=P_Sales_Rank&Ntx=mode+matchall","Marie Kondo","$10.61","http://www.barnesandnoble.com/w/the-life-changing-magic-of-tidying-up-marie-kondo/1119564096;jsessionid=DE8140C0430EC72B4825D8D9BBFC4117.prodny_store01-atgap10?ean=9781607747307","Hardcover","(10/14/2014)","11","http://www.barnesandnoble.com/b/the-top-100-bestsellers-of-the-year/_/N-1p4d?No=0&Nrpp=20"
"http://www.barnesandnoble.com/w/wonder-palacio-r-j/1116883369;jsessionid=DE8140C0430EC72B4825D8D9BBFC4117.prodny_store01-atgap10?ean=9780385754323","Wonder (B&N Exclusive Edition)","http://www.barnesandnoble.com/s/%22R. J. Palacio%22;jsessionid=DE8140C0430EC72B4825D8D9BBFC4117.prodny_store01-atgap10?Ntk=P_key_Contributor_List&Ns=P_Sales_Rank&Ntx=mode+matchall","R. J. Palacio","$8.88","http://www.barnesandnoble.com/w/wonder-palacio-r-j/1116883369;jsessionid=DE8140C0430EC72B4825D8D9BBFC4117.prodny_store01-atgap10?ean=9780385754323","Hardcover","(07/23/2013)","12","http://www.barnesandnoble.com/b/the-top-100-bestsellers-of-the-year/_/N-1p4d?No=0&Nrpp=20"
"http://www.barnesandnoble.com/w/for-the-love-jen-hatmaker/1120945111;jsessionid=DE8140C0430EC72B4825D8D9BBFC4117.prodny_store01-atgap10?ean=9780718031824","For the Love: Fighting for Grace in a World of Impossible Standards","http://www.barnesandnoble.com/s/%22Jen Hatmaker%22;jsessionid=DE8140C0430EC72B4825D8D9BBFC4117.prodny_store01-atgap10?Ntk=P_key_Contributor_List&Ns=P_Sales_Rank&Ntx=mode+matchall","Jen Hatmaker","$14.04","http://www.barnesandnoble.com/w/for-the-love-jen-hatmaker/1120945111;jsessionid=DE8140C0430EC72B4825D8D9BBFC4117.prodny_store01-atgap10?ean=9780718031824","Hardcover","(08/18/2015)","13","http://www.barnesandnoble.com/b/the-top-100-bestsellers-of-the-year/_/N-1p4d?No=0&Nrpp=20"
"http://www.barnesandnoble.com/w/the-boys-in-the-boat-daniel-james-brown/1114985036;jsessionid=DE8140C0430EC72B4825D8D9BBFC4117.prodny_store01-atgap10?ean=9780143125471","The Boys in the Boat: Nine Americans and Their Epic Quest for Gold at the 1936 Berlin Olympics","http://www.barnesandnoble.com/s/%22Daniel James Brown%22;jsessionid=DE8140C0430EC72B4825D8D9BBFC4117.prodny_store01-atgap10?Ntk=P_key_Contributor_List&Ns=P_Sales_Rank&Ntx=mode+matchall","Daniel James Brown","$10.11","http://www.barnesandnoble.com/w/the-boys-in-the-boat-daniel-james-brown/1114985036;jsessionid=DE8140C0430EC72B4825D8D9BBFC4117.prodny_store01-atgap10?ean=9780143125471","Paperback","(05/27/2014)","14","http://www.barnesandnoble.com/b/the-top-100-bestsellers-of-the-year/_/N-1p4d?No=0&Nrpp=20"
"http://www.barnesandnoble.com/w/unbroken-laura-hillenbrand/1100045446;jsessionid=DE8140C0430EC72B4825D8D9BBFC4117.prodny_store01-atgap10?ean=9780812974492","Unbroken: A World War II Story of Survival, Resilience, and Redemption","http://www.barnesandnoble.com/s/%22Laura Hillenbrand%22;jsessionid=DE8140C0430EC72B4825D8D9BBFC4117.prodny_store01-atgap10?Ntk=P_key_Contributor_List&Ns=P_Sales_Rank&Ntx=mode+matchall","Laura Hillenbrand","$9.87","http://www.barnesandnoble.com/w/unbroken-laura-hillenbrand/1100045446;jsessionid=DE8140C0430EC72B4825D8D9BBFC4117.prodny_store01-atgap10?ean=9780812974492","Paperback","(07/29/2014)","15","http://www.barnesandnoble.com/b/the-top-100-bestsellers-of-the-year/_/N-1p4d?No=0&Nrpp=20"
"http://www.barnesandnoble.com/w/dead-wake-erik-larson/1119739955;jsessionid=DE8140C0430EC72B4825D8D9BBFC4117.prodny_store01-atgap10?ean=9780307408860","Dead Wake: The Last Crossing of the Lusitania","http://www.barnesandnoble.com/s/%22Erik Larson%22;jsessionid=DE8140C0430EC72B4825D8D9BBFC4117.prodny_store01-atgap10?Ntk=P_key_Contributor_List&Ns=P_Sales_Rank&Ntx=mode+matchall","Erik Larson","$17.53","http://www.barnesandnoble.com/w/dead-wake-erik-larson/1119739955;jsessionid=DE8140C0430EC72B4825D8D9BBFC4117.prodny_store01-atgap10?ean=9780307408860","Hardcover","(03/10/2015)","16","http://www.barnesandnoble.com/b/the-top-100-bestsellers-of-the-year/_/N-1p4d?No=0&Nrpp=20"
"http://www.barnesandnoble.com/w/memory-man-david-baldacci/1120259031;jsessionid=DE8140C0430EC72B4825D8D9BBFC4117.prodny_store01-atgap10?ean=9781455559824","Memory Man (Amos Decker Series #1)","http://www.barnesandnoble.com/s/%22David Baldacci%22;jsessionid=DE8140C0430EC72B4825D8D9BBFC4117.prodny_store01-atgap10?Ntk=P_key_Contributor_List&Ns=P_Sales_Rank&Ntx=mode+matchall","David Baldacci","$19.39","http://www.barnesandnoble.com/w/memory-man-david-baldacci/1120259031;jsessionid=DE8140C0430EC72B4825D8D9BBFC4117.prodny_store01-atgap10?ean=9781455559824","Hardcover","(04/21/2015)","17","http://www.barnesandnoble.com/b/the-top-100-bestsellers-of-the-year/_/N-1p4d?No=0&Nrpp=20"
"http://www.barnesandnoble.com/w/the-nightingale-kristin-hannah/1119169484;jsessionid=DE8140C0430EC72B4825D8D9BBFC4117.prodny_store01-atgap10?ean=9780312577223","The Nightingale","http://www.barnesandnoble.com/s/%22Kristin Hannah%22;jsessionid=DE8140C0430EC72B4825D8D9BBFC4117.prodny_store01-atgap10?Ntk=P_key_Contributor_List&Ns=P_Sales_Rank&Ntx=mode+matchall","Kristin Hannah","$16.86","http://www.barnesandnoble.com/w/the-nightingale-kristin-hannah/1119169484;jsessionid=DE8140C0430EC72B4825D8D9BBFC4117.prodny_store01-atgap10?ean=9780312577223","Hardcover","(02/03/2015)","18","http://www.barnesandnoble.com/b/the-top-100-bestsellers-of-the-year/_/N-1p4d?No=0&Nrpp=20"
"http://www.barnesandnoble.com/w/a-work-in-progress-connor-franta/1121227836;jsessionid=DE8140C0430EC72B4825D8D9BBFC4117.prodny_store01-atgap10?ean=9781476791616","A Work in Progress","http://www.barnesandnoble.com/s/%22Connor Franta%22;jsessionid=DE8140C0430EC72B4825D8D9BBFC4117.prodny_store01-atgap10?Ntk=P_key_Contributor_List&Ns=P_Sales_Rank&Ntx=mode+matchall","Connor Franta","$11.08","http://www.barnesandnoble.com/w/a-work-in-progress-connor-franta/1121227836;jsessionid=DE8140C0430EC72B4825D8D9BBFC4117.prodny_store01-atgap10?ean=9781476791616","Paperback","(04/21/2015)","19","http://www.barnesandnoble.com/b/the-top-100-bestsellers-of-the-year/_/N-1p4d?No=0&Nrpp=20"
"http://www.barnesandnoble.com/w/american-sniper-chris-kyle/1103601416;jsessionid=DE8140C0430EC72B4825D8D9BBFC4117.prodny_store01-atgap10?ean=9780062376336","American Sniper (Movie Tie-in Edition): The Autobiography of the Most Lethal Sniper in U.S. Military History","http://www.barnesandnoble.com/s/%22Chris Kyle%22;jsessionid=DE8140C0430EC72B4825D8D9BBFC4117.prodny_store01-atgap10?Ntk=P_key_Contributor_List&Ns=P_Sales_Rank&Ntx=mode+matchall","Chris Kyle","$9.87","http://www.barnesandnoble.com/w/american-sniper-chris-kyle/1103601416;jsessionid=DE8140C0430EC72B4825D8D9BBFC4117.prodny_store01-atgap10?ean=9780062376336","Paperback","(11/25/2014)","20","http://www.barnesandnoble.com/b/the-top-100-bestsellers-of-the-year/_/N-1p4d?No=0&Nrpp=20"
"http://www.barnesandnoble.com/w/the-martian-andy-weir/1114993828;jsessionid=1FE31AB6252E411BB203E4EA08CA82C5.prodny_store02-1?ean=9780553418026","The Martian","http://www.barnesandnoble.com/s/%22Andy Weir%22;jsessionid=1FE31AB6252E411BB203E4EA08CA82C5.prodny_store02-1?Ntk=P_key_Contributor_List&Ns=P_Sales_Rank&Ntx=mode+matchall","Andy Weir","$9.09","http://www.barnesandnoble.com/w/the-martian-andy-weir/1114993828;jsessionid=1FE31AB6252E411BB203E4EA08CA82C5.prodny_store02-1?ean=9780553418026","Paperback","(10/28/2014)","21","http://www.barnesandnoble.com/b/the-top-100-bestsellers-of-the-year/_/N-1p4d?No=20&Nrpp=20"
"http://www.barnesandnoble.com/w/finders-keepers-stephen-king/1120678761;jsessionid=1FE31AB6252E411BB203E4EA08CA82C5.prodny_store02-1?ean=9781501100079","Finders Keepers","http://www.barnesandnoble.com/s/%22Stephen King%22;jsessionid=1FE31AB6252E411BB203E4EA08CA82C5.prodny_store02-1?Ntk=P_key_Contributor_List&Ns=P_Sales_Rank&Ntx=mode+matchall","Stephen King","$18.07","http://www.barnesandnoble.com/w/finders-keepers-stephen-king/1120678761;jsessionid=1FE31AB6252E411BB203E4EA08CA82C5.prodny_store02-1?ean=9781501100079","Hardcover","(06/02/2015)","22","http://www.barnesandnoble.com/b/the-top-100-bestsellers-of-the-year/_/N-1p4d?No=20&Nrpp=20"
"http://www.barnesandnoble.com/w/paper-towns-john-green/1100211087;jsessionid=1FE31AB6252E411BB203E4EA08CA82C5.prodny_store02-1?ean=9780142414934","Paper Towns","http://www.barnesandnoble.com/s/%22John Green%22;jsessionid=1FE31AB6252E411BB203E4EA08CA82C5.prodny_store02-1?Ntk=P_key_Contributor_List&Ns=P_Sales_Rank&Ntx=mode+matchall","John Green","$9.99","http://www.barnesandnoble.com/w/paper-towns-john-green/1100211087;jsessionid=1FE31AB6252E411BB203E4EA08CA82C5.prodny_store02-1?ean=9780142414934","Paperback","(09/22/2009)","23","http://www.barnesandnoble.com/b/the-top-100-bestsellers-of-the-year/_/N-1p4d?No=20&Nrpp=20"
"http://www.barnesandnoble.com/w/the-great-gatsby-francis-scott-fitzgerald/1116668135;jsessionid=1FE31AB6252E411BB203E4EA08CA82C5.prodny_store02-1?ean=9780743273565","The Great Gatsby","http://www.barnesandnoble.com/s/%22F. Scott Fitzgerald%22;jsessionid=1FE31AB6252E411BB203E4EA08CA82C5.prodny_store02-1?Ntk=P_key_Contributor_List&Ns=P_Sales_Rank&Ntx=mode+matchall","F. Scott Fitzgerald","$9.75","http://www.barnesandnoble.com/w/the-great-gatsby-francis-scott-fitzgerald/1116668135;jsessionid=1FE31AB6252E411BB203E4EA08CA82C5.prodny_store02-1?ean=9780743273565","Paperback","(09/30/2004)","24","http://www.barnesandnoble.com/b/the-top-100-bestsellers-of-the-year/_/N-1p4d?No=20&Nrpp=20"
"http://www.barnesandnoble.com/w/the-sell-fredrik-eklund/1119927117;jsessionid=1FE31AB6252E411BB203E4EA08CA82C5.prodny_store02-1?ean=9781592409310","The Sell: The Secrets of Selling Anything to Anyone","http://www.barnesandnoble.com/s/%22Fredrik Eklund%22;jsessionid=1FE31AB6252E411BB203E4EA08CA82C5.prodny_store02-1?Ntk=P_key_Contributor_List&Ns=P_Sales_Rank&Ntx=mode+matchall","Fredrik Eklund","$16.04","http://www.barnesandnoble.com/w/the-sell-fredrik-eklund/1119927117;jsessionid=1FE31AB6252E411BB203E4EA08CA82C5.prodny_store02-1?ean=9781592409310","Hardcover","(04/14/2015)","25","http://www.barnesandnoble.com/b/the-top-100-bestsellers-of-the-year/_/N-1p4d?No=20&Nrpp=20"
"http://www.barnesandnoble.com/w/7-habits-of-highly-effective-people-stephen-r-covey/1100334425;jsessionid=1FE31AB6252E411BB203E4EA08CA82C5.prodny_store02-1?ean=9781451639612","The 7 Habits of Highly Effective People: Powerful Lessons in Personal Change","http://www.barnesandnoble.com/s/%22Stephen R. Covey%22;jsessionid=1FE31AB6252E411BB203E4EA08CA82C5.prodny_store02-1?Ntk=P_key_Contributor_List&Ns=P_Sales_Rank&Ntx=mode+matchall","Stephen R. Covey","$10.11","http://www.barnesandnoble.com/w/7-habits-of-highly-effective-people-stephen-r-covey/1100334425;jsessionid=1FE31AB6252E411BB203E4EA08CA82C5.prodny_store02-1?ean=9781451639612","Paperback","(11/19/2013)","26","http://www.barnesandnoble.com/b/the-top-100-bestsellers-of-the-year/_/N-1p4d?No=20&Nrpp=20"
"http://www.barnesandnoble.com/w/the-real-act-prep-guide-act-inc/1104693454;jsessionid=1FE31AB6252E411BB203E4EA08CA82C5.prodny_store02-1?ean=9780768934403","The Real ACT Prep Guide","http://www.barnesandnoble.com/s/%22ACT%22;jsessionid=1FE31AB6252E411BB203E4EA08CA82C5.prodny_store02-1?Ntk=P_key_Contributor_List&Ns=P_Sales_Rank&Ntx=mode+matchall","ACT","$20.94","http://www.barnesandnoble.com/w/the-real-act-prep-guide-act-inc/1104693454;jsessionid=1FE31AB6252E411BB203E4EA08CA82C5.prodny_store02-1?ean=9780768934403","Paperback","(09/06/2011)","27","http://www.barnesandnoble.com/b/the-top-100-bestsellers-of-the-year/_/N-1p4d?No=20&Nrpp=20"
"http://www.barnesandnoble.com/w/being-mortal-atul-gawande/1118427581;jsessionid=1FE31AB6252E411BB203E4EA08CA82C5.prodny_store02-1?ean=9780805095159","Being Mortal: Medicine and What Matters in the End","http://www.barnesandnoble.com/s/%22Atul Gawande%22;jsessionid=1FE31AB6252E411BB203E4EA08CA82C5.prodny_store02-1?Ntk=P_key_Contributor_List&Ns=P_Sales_Rank&Ntx=mode+matchall","Atul Gawande","$16.25","http://www.barnesandnoble.com/w/being-mortal-atul-gawande/1118427581;jsessionid=1FE31AB6252E411BB203E4EA08CA82C5.prodny_store02-1?ean=9780805095159","Hardcover","(10/07/2014)","28","http://www.barnesandnoble.com/b/the-top-100-bestsellers-of-the-year/_/N-1p4d?No=20&Nrpp=20"
"http://www.barnesandnoble.com/w/fahrenheit-451-ray-bradbury/1100383286;jsessionid=1FE31AB6252E411BB203E4EA08CA82C5.prodny_store02-1?ean=9781451673319","Fahrenheit 451","http://www.barnesandnoble.com/s/%22Ray Bradbury%22;jsessionid=1FE31AB6252E411BB203E4EA08CA82C5.prodny_store02-1?Ntk=P_key_Contributor_List&Ns=P_Sales_Rank&Ntx=mode+matchall","Ray Bradbury","$9.51","http://www.barnesandnoble.com/w/fahrenheit-451-ray-bradbury/1100383286;jsessionid=1FE31AB6252E411BB203E4EA08CA82C5.prodny_store02-1?ean=9781451673319","Paperback","(01/10/2012)","29","http://www.barnesandnoble.com/b/the-top-100-bestsellers-of-the-year/_/N-1p4d?No=20&Nrpp=20"
"http://www.barnesandnoble.com/w/14th-deadly-sin-james-patterson/1120331622;jsessionid=1FE31AB6252E411BB203E4EA08CA82C5.prodny_store02-1?ean=9780316407021","14th Deadly Sin (Women's Murder Club Series #14)","http://www.barnesandnoble.com/s/%22James Patterson%22;jsessionid=1FE31AB6252E411BB203E4EA08CA82C5.prodny_store02-1?Ntk=P_key_Contributor_List&Ns=P_Sales_Rank&Ntx=mode+matchall","James Patterson","$17.99","http://www.barnesandnoble.com/w/14th-deadly-sin-james-patterson/1120331622;jsessionid=1FE31AB6252E411BB203E4EA08CA82C5.prodny_store02-1?ean=9780316407021","Hardcover","(05/04/2015)","30","http://www.barnesandnoble.com/b/the-top-100-bestsellers-of-the-year/_/N-1p4d?No=20&Nrpp=20"
"http://www.barnesandnoble.com/w/the-isle-of-the-lost-melissa-de-la-cruz/1121883556;jsessionid=1FE31AB6252E411BB203E4EA08CA82C5.prodny_store02-1?ean=9781484720974","The Isle of the Lost (Descendants Series)","http://www.barnesandnoble.com/s/%22Melissa de la Cruz%22;jsessionid=1FE31AB6252E411BB203E4EA08CA82C5.prodny_store02-1?Ntk=P_key_Contributor_List&Ns=P_Sales_Rank&Ntx=mode+matchall","Melissa de la Cruz","$10.97","http://www.barnesandnoble.com/w/the-isle-of-the-lost-melissa-de-la-cruz/1121883556;jsessionid=1FE31AB6252E411BB203E4EA08CA82C5.prodny_store02-1?ean=9781484720974","Hardcover","(05/05/2015)","31","http://www.barnesandnoble.com/b/the-top-100-bestsellers-of-the-year/_/N-1p4d?No=20&Nrpp=20"
"http://www.barnesandnoble.com/w/wild-cheryl-strayed/1110776475;jsessionid=1FE31AB6252E411BB203E4EA08CA82C5.prodny_store02-1?ean=9780307476074","Wild: From Lost to Found on the Pacific Crest Trail","http://www.barnesandnoble.com/s/%22Cheryl Strayed%22;jsessionid=1FE31AB6252E411BB203E4EA08CA82C5.prodny_store02-1?Ntk=P_key_Contributor_List&Ns=P_Sales_Rank&Ntx=mode+matchall","Cheryl Strayed","$9.49","http://www.barnesandnoble.com/w/wild-cheryl-strayed/1110776475;jsessionid=1FE31AB6252E411BB203E4EA08CA82C5.prodny_store02-1?ean=9780307476074","Paperback","(03/26/2013)","32","http://www.barnesandnoble.com/b/the-top-100-bestsellers-of-the-year/_/N-1p4d?No=20&Nrpp=20"
"http://www.barnesandnoble.com/w/color-me-calm-lacy-mucklow/1118767685;jsessionid=1FE31AB6252E411BB203E4EA08CA82C5.prodny_store02-1?ean=9781937994778","Color Me Calm: 100 Coloring Templates for Meditation and Relaxation","http://www.barnesandnoble.com/s/%22Lacy Mucklow%22;jsessionid=1FE31AB6252E411BB203E4EA08CA82C5.prodny_store02-1?Ntk=P_key_Contributor_List&Ns=P_Sales_Rank&Ntx=mode+matchall","Lacy Mucklow","$10.39","http://www.barnesandnoble.com/w/color-me-calm-lacy-mucklow/1118767685;jsessionid=1FE31AB6252E411BB203E4EA08CA82C5.prodny_store02-1?ean=9781937994778","Paperback","(10/27/2014)","33","http://www.barnesandnoble.com/b/the-top-100-bestsellers-of-the-year/_/N-1p4d?No=20&Nrpp=20"
"http://www.barnesandnoble.com/w/bill-oreillys-legends-and-lies-david-fisher/1121779508;jsessionid=1FE31AB6252E411BB203E4EA08CA82C5.prodny_store02-1?ean=9781627795074","Bill O'Reilly's Legends and Lies: The Real West","http://www.barnesandnoble.com/s/%22David Fisher%22;jsessionid=1FE31AB6252E411BB203E4EA08CA82C5.prodny_store02-1?Ntk=P_key_Contributor_List&Ns=P_Sales_Rank&Ntx=mode+matchall","David Fisher","$19.04","http://www.barnesandnoble.com/w/bill-oreillys-legends-and-lies-david-fisher/1121779508;jsessionid=1FE31AB6252E411BB203E4EA08CA82C5.prodny_store02-1?ean=9781627795074","Hardcover","(04/07/2015)","34","http://www.barnesandnoble.com/b/the-top-100-bestsellers-of-the-year/_/N-1p4d?No=20&Nrpp=20"
"http://www.barnesandnoble.com/w/american-sniper-chris-kyle/1114764600;jsessionid=1FE31AB6252E411BB203E4EA08CA82C5.prodny_store02-1?ean=9780062290793","American Sniper: Memorial Edition","http://www.barnesandnoble.com/s/%22Chris Kyle%22;jsessionid=1FE31AB6252E411BB203E4EA08CA82C5.prodny_store02-1?Ntk=P_key_Contributor_List&Ns=P_Sales_Rank&Ntx=mode+matchall","Chris Kyle","$19.63","http://www.barnesandnoble.com/w/american-sniper-chris-kyle/1114764600;jsessionid=1FE31AB6252E411BB203E4EA08CA82C5.prodny_store02-1?ean=9780062290793","Hardcover","(10/15/2013)","35","http://www.barnesandnoble.com/b/the-top-100-bestsellers-of-the-year/_/N-1p4d?No=20&Nrpp=20"
"http://www.barnesandnoble.com/w/the-20-20-diet-phil-mcgraw/1119972430;jsessionid=1FE31AB6252E411BB203E4EA08CA82C5.prodny_store02-1?ean=9781939457318","The 20/20 Diet: Turn Your Weight Loss Vision Into Reality","http://www.barnesandnoble.com/s/%22Phillip C. McGraw%22;jsessionid=1FE31AB6252E411BB203E4EA08CA82C5.prodny_store02-1?Ntk=P_key_Contributor_List&Ns=P_Sales_Rank&Ntx=mode+matchall","Phillip C. McGraw","$18.23","http://www.barnesandnoble.com/w/the-20-20-diet-phil-mcgraw/1119972430;jsessionid=1FE31AB6252E411BB203E4EA08CA82C5.prodny_store02-1?ean=9781939457318","Hardcover","(01/06/2015)","36","http://www.barnesandnoble.com/b/the-top-100-bestsellers-of-the-year/_/N-1p4d?No=20&Nrpp=20"
"http://www.barnesandnoble.com/w/the-maze-runner-series-complete-collection-james-dashner/1118636173;jsessionid=1FE31AB6252E411BB203E4EA08CA82C5.prodny_store02-1?ean=9780385388894","The Maze Runner Series Complete Collection","http://www.barnesandnoble.com/s/%22James Dashner%22;jsessionid=1FE31AB6252E411BB203E4EA08CA82C5.prodny_store02-1?Ntk=P_key_Contributor_List&Ns=P_Sales_Rank&Ntx=mode+matchall","James Dashner","$24.07","http://www.barnesandnoble.com/w/the-maze-runner-series-complete-collection-james-dashner/1118636173;jsessionid=1FE31AB6252E411BB203E4EA08CA82C5.prodny_store02-1?ean=9780385388894","Paperback","(07/08/2014)","37","http://www.barnesandnoble.com/b/the-top-100-bestsellers-of-the-year/_/N-1p4d?No=20&Nrpp=20"
"http://www.barnesandnoble.com/w/the-road-to-character-david-brooks/1120954021;jsessionid=1FE31AB6252E411BB203E4EA08CA82C5.prodny_store02-1?ean=9780812993257","The Road to Character","http://www.barnesandnoble.com/s/%22David Brooks%22;jsessionid=1FE31AB6252E411BB203E4EA08CA82C5.prodny_store02-1?Ntk=P_key_Contributor_List&Ns=P_Sales_Rank&Ntx=mode+matchall","David Brooks","$17.28","http://www.barnesandnoble.com/w/the-road-to-character-david-brooks/1120954021;jsessionid=1FE31AB6252E411BB203E4EA08CA82C5.prodny_store02-1?ean=9780812993257","Hardcover","(04/14/2015)","38","http://www.barnesandnoble.com/b/the-top-100-bestsellers-of-the-year/_/N-1p4d?No=20&Nrpp=20"
"http://www.barnesandnoble.com/w/five-dysfunctions-of-a-team-patrick-m-lencioni/1100520484;jsessionid=1FE31AB6252E411BB203E4EA08CA82C5.prodny_store02-1?ean=9780787960759","The Five Dysfunctions of a Team: A Leadership Fable","http://www.barnesandnoble.com/s/%22Patrick M. Lencioni%22;jsessionid=1FE31AB6252E411BB203E4EA08CA82C5.prodny_store02-1?Ntk=P_key_Contributor_List&Ns=P_Sales_Rank&Ntx=mode+matchall","Patrick M. Lencioni","$14.62","http://www.barnesandnoble.com/w/five-dysfunctions-of-a-team-patrick-m-lencioni/1100520484;jsessionid=1FE31AB6252E411BB203E4EA08CA82C5.prodny_store02-1?ean=9780787960759","Hardcover","(04/05/2002)","39","http://www.barnesandnoble.com/b/the-top-100-bestsellers-of-the-year/_/N-1p4d?No=20&Nrpp=20"
"http://www.barnesandnoble.com/w/how-to-win-friends-and-influence-people-dale-carnegie/1100370318;jsessionid=1FE31AB6252E411BB203E4EA08CA82C5.prodny_store02-1?ean=9780671027032","How to Win Friends and Influence People","http://www.barnesandnoble.com/s/%22Dale Carnegie%22;jsessionid=1FE31AB6252E411BB203E4EA08CA82C5.prodny_store02-1?Ntk=P_key_Contributor_List&Ns=P_Sales_Rank&Ntx=mode+matchall","Dale Carnegie","$9.52","http://www.barnesandnoble.com/w/how-to-win-friends-and-influence-people-dale-carnegie/1100370318;jsessionid=1FE31AB6252E411BB203E4EA08CA82C5.prodny_store02-1?ean=9780671027032","Paperback","(10/01/1998)","40","http://www.barnesandnoble.com/b/the-top-100-bestsellers-of-the-year/_/N-1p4d?No=20&Nrpp=20"
"http://www.barnesandnoble.com/w/red-queen-victoria-aveyard/1119565624;jsessionid=62F107BEED45C0E962751A162F076F8B.prodny_store01-botap11?ean=9780062310637","Red Queen (Red Queen Series #1)","http://www.barnesandnoble.com/s/%22Victoria Aveyard%22;jsessionid=62F107BEED45C0E962751A162F076F8B.prodny_store01-botap11?Ntk=P_key_Contributor_List&Ns=P_Sales_Rank&Ntx=mode+matchall","Victoria Aveyard","$10.58","http://www.barnesandnoble.com/w/red-queen-victoria-aveyard/1119565624;jsessionid=62F107BEED45C0E962751A162F076F8B.prodny_store01-botap11?ean=9780062310637","Hardcover","(02/10/2015)","41","http://www.barnesandnoble.com/b/the-top-100-bestsellers-of-the-year/_/N-1p4d?No=40&Nrpp=20"
"http://www.barnesandnoble.com/w/ask-ryan-levesque/1121193552;jsessionid=62F107BEED45C0E962751A162F076F8B.prodny_store01-botap11?ean=9781939447722","Ask: The Counterintuitive Online Formula to Discover Exactly What Your Customers Want to Buy...Create a Mass of Raving Fans...and Take Any Business to the Next Level","http://www.barnesandnoble.com/s/%22Ryan Levesque%22;jsessionid=62F107BEED45C0E962751A162F076F8B.prodny_store01-botap11?Ntk=P_key_Contributor_List&Ns=P_Sales_Rank&Ntx=mode+matchall","Ryan Levesque","$7.21","http://www.barnesandnoble.com/w/ask-ryan-levesque/1121193552;jsessionid=62F107BEED45C0E962751A162F076F8B.prodny_store01-botap11?ean=9781939447722","Paperback","(04/21/2015)","42","http://www.barnesandnoble.com/b/the-top-100-bestsellers-of-the-year/_/N-1p4d?No=40&Nrpp=20"
"http://www.barnesandnoble.com/w/fifty-shades-trilogy-bundle-e-l-james/1111396272;jsessionid=62F107BEED45C0E962751A162F076F8B.prodny_store01-botap11?ean=9780345804044","Fifty Shades Trilogy: Fifty Shades of Grey, Fifty Shades Darker, Fifty Shades Freed 3-volume Boxed Set","http://www.barnesandnoble.com/s/%22E L James%22;jsessionid=62F107BEED45C0E962751A162F076F8B.prodny_store01-botap11?Ntk=P_key_Contributor_List&Ns=P_Sales_Rank&Ntx=mode+matchall","E L James","$29.53","http://www.barnesandnoble.com/w/fifty-shades-trilogy-bundle-e-l-james/1111396272;jsessionid=62F107BEED45C0E962751A162F076F8B.prodny_store01-botap11?ean=9780345804044","Paperback","(06/12/2012)","43","http://www.barnesandnoble.com/b/the-top-100-bestsellers-of-the-year/_/N-1p4d?No=40&Nrpp=20"
"http://www.barnesandnoble.com/w/harry-potter-paperback-boxed-set-books-1-7-j-k-rowling/1108948862;jsessionid=62F107BEED45C0E962751A162F076F8B.prodny_store01-botap11?ean=9780545162074","Harry Potter Paperback Boxed Set, Books 1-7","http://www.barnesandnoble.com/s/%22J. K. Rowling%22;jsessionid=62F107BEED45C0E962751A162F076F8B.prodny_store01-botap11?Ntk=P_key_Contributor_List&Ns=P_Sales_Rank&Ntx=mode+matchall","J. K. Rowling","$53.00","http://www.barnesandnoble.com/w/harry-potter-paperback-boxed-set-books-1-7-j-k-rowling/1108948862;jsessionid=62F107BEED45C0E962751A162F076F8B.prodny_store01-botap11?ean=9780545162074","Paperback","(07/07/2009)","44","http://www.barnesandnoble.com/b/the-top-100-bestsellers-of-the-year/_/N-1p4d?No=40&Nrpp=20"
"http://www.barnesandnoble.com/w/a-spool-of-blue-thread-anne-tyler/1119611972;jsessionid=62F107BEED45C0E962751A162F076F8B.prodny_store01-botap11?ean=9781101874271","A Spool of Blue Thread","http://www.barnesandnoble.com/s/%22Anne Tyler%22;jsessionid=62F107BEED45C0E962751A162F076F8B.prodny_store01-botap11?Ntk=P_key_Contributor_List&Ns=P_Sales_Rank&Ntx=mode+matchall","Anne Tyler","$16.65","http://www.barnesandnoble.com/w/a-spool-of-blue-thread-anne-tyler/1119611972;jsessionid=62F107BEED45C0E962751A162F076F8B.prodny_store01-botap11?ean=9781101874271","Hardcover","(02/10/2015)","45","http://www.barnesandnoble.com/b/the-top-100-bestsellers-of-the-year/_/N-1p4d?No=40&Nrpp=20"
"http://www.barnesandnoble.com/w/orphan-train-christina-baker-kline/1111638927;jsessionid=62F107BEED45C0E962751A162F076F8B.prodny_store01-botap11?ean=9780061950728","Orphan Train","http://www.barnesandnoble.com/s/%22Christina Baker Kline%22;jsessionid=62F107BEED45C0E962751A162F076F8B.prodny_store01-botap11?Ntk=P_key_Contributor_List&Ns=P_Sales_Rank&Ntx=mode+matchall","Christina Baker Kline","$8.92","http://www.barnesandnoble.com/w/orphan-train-christina-baker-kline/1111638927;jsessionid=62F107BEED45C0E962751A162F076F8B.prodny_store01-botap11?ean=9780061950728","Paperback","(04/02/2013)","46","http://www.barnesandnoble.com/b/the-top-100-bestsellers-of-the-year/_/N-1p4d?No=40&Nrpp=20"
"http://www.barnesandnoble.com/w/selp-helf-miranda-sings/1121190935;jsessionid=62F107BEED45C0E962751A162F076F8B.prodny_store01-botap11?ean=9781501117947","Selp-Helf","http://www.barnesandnoble.com/s/%22Miranda Sings%22;jsessionid=62F107BEED45C0E962751A162F076F8B.prodny_store01-botap11?Ntk=P_key_Contributor_List&Ns=P_Sales_Rank&Ntx=mode+matchall","Miranda Sings","$14.36","http://www.barnesandnoble.com/w/selp-helf-miranda-sings/1121190935;jsessionid=62F107BEED45C0E962751A162F076F8B.prodny_store01-botap11?ean=9781501117947","Hardcover","(07/21/2015)","47","http://www.barnesandnoble.com/b/the-top-100-bestsellers-of-the-year/_/N-1p4d?No=40&Nrpp=20"
"http://www.barnesandnoble.com/w/of-mice-and-men-john-steinbeck/1100154558;jsessionid=62F107BEED45C0E962751A162F076F8B.prodny_store01-botap11?ean=9780140177398","Of Mice and Men","http://www.barnesandnoble.com/s/%22John Steinbeck%22;jsessionid=62F107BEED45C0E962751A162F076F8B.prodny_store01-botap11?Ntk=P_key_Contributor_List&Ns=P_Sales_Rank&Ntx=mode+matchall","John Steinbeck","$7.14","http://www.barnesandnoble.com/w/of-mice-and-men-john-steinbeck/1100154558;jsessionid=62F107BEED45C0E962751A162F076F8B.prodny_store01-botap11?ean=9780140177398","Paperback","(06/28/2015)","48","http://www.barnesandnoble.com/b/the-top-100-bestsellers-of-the-year/_/N-1p4d?No=40&Nrpp=20"
"http://www.barnesandnoble.com/w/the-liar-nora-roberts/1120421933;jsessionid=62F107BEED45C0E962751A162F076F8B.prodny_store01-botap11?ean=9780399170867","The Liar","http://www.barnesandnoble.com/s/%22Nora Roberts%22;jsessionid=62F107BEED45C0E962751A162F076F8B.prodny_store01-botap11?Ntk=P_key_Contributor_List&Ns=P_Sales_Rank&Ntx=mode+matchall","Nora Roberts","$17.25","http://www.barnesandnoble.com/w/the-liar-nora-roberts/1120421933;jsessionid=62F107BEED45C0E962751A162F076F8B.prodny_store01-botap11?ean=9780399170867","Hardcover","(04/14/2015)","49","http://www.barnesandnoble.com/b/the-top-100-bestsellers-of-the-year/_/N-1p4d?No=40&Nrpp=20"
"http://www.barnesandnoble.com/w/the-day-the-crayons-quit-drew-daywalt/1113054468;jsessionid=62F107BEED45C0E962751A162F076F8B.prodny_store01-botap11?ean=9780399255373","The Day the Crayons Quit","http://www.barnesandnoble.com/s/%22Drew Daywalt%22;jsessionid=62F107BEED45C0E962751A162F076F8B.prodny_store01-botap11?Ntk=P_key_Contributor_List&Ns=P_Sales_Rank&Ntx=mode+matchall","Drew Daywalt","$11.24","http://www.barnesandnoble.com/w/the-day-the-crayons-quit-drew-daywalt/1113054468;jsessionid=62F107BEED45C0E962751A162F076F8B.prodny_store01-botap11?ean=9780399255373","Hardcover","(06/27/2013)","50","http://www.barnesandnoble.com/b/the-top-100-bestsellers-of-the-year/_/N-1p4d?No=40&Nrpp=20"
"http://www.barnesandnoble.com/w/jesus-calling-sarah-young/1102040776;jsessionid=62F107BEED45C0E962751A162F076F8B.prodny_store01-botap11?ean=9781591451884","Jesus Calling: Enjoying Peace in His Presence","http://www.barnesandnoble.com/s/%22Sarah Young%22;jsessionid=62F107BEED45C0E962751A162F076F8B.prodny_store01-botap11?Ntk=P_key_Contributor_List&Ns=P_Sales_Rank&Ntx=mode+matchall","Sarah Young","$8.88","http://www.barnesandnoble.com/w/jesus-calling-sarah-young/1102040776;jsessionid=62F107BEED45C0E962751A162F076F8B.prodny_store01-botap11?ean=9781591451884","Hardcover","(10/12/2004)","51","http://www.barnesandnoble.com/b/the-top-100-bestsellers-of-the-year/_/N-1p4d?No=40&Nrpp=20"
"http://www.barnesandnoble.com/w/beyond-the-kingdoms-chris-colfer/1121848648;jsessionid=62F107BEED45C0E962751A162F076F8B.prodny_store01-botap11?ean=9780316347112","Beyond the Kingdoms (B&N Exclusive Edition) (The Land of Stories Series #4)","http://www.barnesandnoble.com/s/%22Chris Colfer%22;jsessionid=62F107BEED45C0E962751A162F076F8B.prodny_store01-botap11?Ntk=P_key_Contributor_List&Ns=P_Sales_Rank&Ntx=mode+matchall","Chris Colfer","$18.00","http://www.barnesandnoble.com/w/beyond-the-kingdoms-chris-colfer/1121848648;jsessionid=62F107BEED45C0E962751A162F076F8B.prodny_store01-botap11?ean=9780316347112","Hardcover","(07/07/2015)","52","http://www.barnesandnoble.com/b/the-top-100-bestsellers-of-the-year/_/N-1p4d?No=40&Nrpp=20"
"http://www.barnesandnoble.com/w/and-the-good-news-is-dana-perino/1119440213;jsessionid=62F107BEED45C0E962751A162F076F8B.prodny_store01-botap11?ean=9781455584901","And the Good News Is...: Lessons and Advice from the Bright Side","http://www.barnesandnoble.com/s/%22Dana Perino%22;jsessionid=62F107BEED45C0E962751A162F076F8B.prodny_store01-botap11?Ntk=P_key_Contributor_List&Ns=P_Sales_Rank&Ntx=mode+matchall","Dana Perino","$15.75","http://www.barnesandnoble.com/w/and-the-good-news-is-dana-perino/1119440213;jsessionid=62F107BEED45C0E962751A162F076F8B.prodny_store01-botap11?ean=9781455584901","Hardcover","(04/21/2015)","53","http://www.barnesandnoble.com/b/the-top-100-bestsellers-of-the-year/_/N-1p4d?No=40&Nrpp=20"
"http://www.barnesandnoble.com/w/fifty-shades-of-grey-e-l-james/1104280977;jsessionid=62F107BEED45C0E962751A162F076F8B.prodny_store01-botap11?ean=9780345803481","Fifty Shades of Grey (Fifty Shades Trilogy #1)","http://www.barnesandnoble.com/s/%22E L James%22;jsessionid=62F107BEED45C0E962751A162F076F8B.prodny_store01-botap11?Ntk=P_key_Contributor_List&Ns=P_Sales_Rank&Ntx=mode+matchall","E L James","$9.84","http://www.barnesandnoble.com/w/fifty-shades-of-grey-e-l-james/1104280977;jsessionid=62F107BEED45C0E962751A162F076F8B.prodny_store01-botap11?ean=9780345803481","Paperback","(04/03/2012)","54","http://www.barnesandnoble.com/b/the-top-100-bestsellers-of-the-year/_/N-1p4d?No=40&Nrpp=20"
"http://www.barnesandnoble.com/w/what-to-expect-the-first-year-heidi-murkoff/1101230910;jsessionid=62F107BEED45C0E962751A162F076F8B.prodny_store01-botap11?ean=9780761181507","What to Expect the First Year","http://www.barnesandnoble.com/s/%22Heidi Murkoff%22;jsessionid=62F107BEED45C0E962751A162F076F8B.prodny_store01-botap11?Ntk=P_key_Contributor_List&Ns=P_Sales_Rank&Ntx=mode+matchall","Heidi Murkoff","$10.81","http://www.barnesandnoble.com/w/what-to-expect-the-first-year-heidi-murkoff/1101230910;jsessionid=62F107BEED45C0E962751A162F076F8B.prodny_store01-botap11?ean=9780761181507","Paperback","(10/07/2014)","55","http://www.barnesandnoble.com/b/the-top-100-bestsellers-of-the-year/_/N-1p4d?No=40&Nrpp=20"
"http://www.barnesandnoble.com/w/to-kill-a-mockingbird-harper-lee/1100151011;jsessionid=62F107BEED45C0E962751A162F076F8B.prodny_store01-botap11?ean=9780061120084","To Kill a Mockingbird","http://www.barnesandnoble.com/s/%22Harper Lee%22;jsessionid=62F107BEED45C0E962751A162F076F8B.prodny_store01-botap11?Ntk=P_key_Contributor_List&Ns=P_Sales_Rank&Ntx=mode+matchall","Harper Lee","$14.32","http://www.barnesandnoble.com/w/to-kill-a-mockingbird-harper-lee/1100151011;jsessionid=62F107BEED45C0E962751A162F076F8B.prodny_store01-botap11?ean=9780061120084","Paperback","(05/23/2006)","56","http://www.barnesandnoble.com/b/the-top-100-bestsellers-of-the-year/_/N-1p4d?No=40&Nrpp=20"
"http://www.barnesandnoble.com/w/book-thief-markus-zusak/1100189892;jsessionid=62F107BEED45C0E962751A162F076F8B.prodny_store01-botap11?ean=9780375842207","The Book Thief","http://www.barnesandnoble.com/s/%22Markus Zusak%22;jsessionid=62F107BEED45C0E962751A162F076F8B.prodny_store01-botap11?Ntk=P_key_Contributor_List&Ns=P_Sales_Rank&Ntx=mode+matchall","Markus Zusak","$7.92","http://www.barnesandnoble.com/w/book-thief-markus-zusak/1100189892;jsessionid=62F107BEED45C0E962751A162F076F8B.prodny_store01-botap11?ean=9780375842207","Paperback","(09/11/2007)","57","http://www.barnesandnoble.com/b/the-top-100-bestsellers-of-the-year/_/N-1p4d?No=40&Nrpp=20"
"http://www.barnesandnoble.com/w/the-food-babe-way-vani-hari/1119678070;jsessionid=62F107BEED45C0E962751A162F076F8B.prodny_store01-botap11?ean=9780316376464","The Food Babe Way: Break Free from the Hidden Toxins in Your Food and Lose Weight, Look Years Younger, and Get Healthy in Just 21 Days!","http://www.barnesandnoble.com/s/%22Vani Hari%22;jsessionid=62F107BEED45C0E962751A162F076F8B.prodny_store01-botap11?Ntk=P_key_Contributor_List&Ns=P_Sales_Rank&Ntx=mode+matchall","Vani Hari","$17.79","http://www.barnesandnoble.com/w/the-food-babe-way-vani-hari/1119678070;jsessionid=62F107BEED45C0E962751A162F076F8B.prodny_store01-botap11?ean=9780316376464","Hardcover","(02/10/2015)","58","http://www.barnesandnoble.com/b/the-top-100-bestsellers-of-the-year/_/N-1p4d?No=40&Nrpp=20"
"http://www.barnesandnoble.com/w/my-fight-your-fight-ronda-rousey/1120912338;jsessionid=62F107BEED45C0E962751A162F076F8B.prodny_store01-botap11?ean=9781941393260","My Fight / Your Fight","http://www.barnesandnoble.com/s/%22Ronda Rousey%22;jsessionid=62F107BEED45C0E962751A162F076F8B.prodny_store01-botap11?Ntk=P_key_Contributor_List&Ns=P_Sales_Rank&Ntx=mode+matchall","Ronda Rousey","$17.66","http://www.barnesandnoble.com/w/my-fight-your-fight-ronda-rousey/1120912338;jsessionid=62F107BEED45C0E962751A162F076F8B.prodny_store01-botap11?ean=9781941393260","Hardcover","(05/12/2015)","59","http://www.barnesandnoble.com/b/the-top-100-bestsellers-of-the-year/_/N-1p4d?No=40&Nrpp=20"
"http://www.barnesandnoble.com/w/radiant-angel-nelson-demille/1121257260;jsessionid=62F107BEED45C0E962751A162F076F8B.prodny_store01-botap11?ean=9780446580854","Radiant Angel (John Corey Series #7)","http://www.barnesandnoble.com/s/%22Nelson DeMille%22;jsessionid=62F107BEED45C0E962751A162F076F8B.prodny_store01-botap11?Ntk=P_key_Contributor_List&Ns=P_Sales_Rank&Ntx=mode+matchall","Nelson DeMille","$17.13","http://www.barnesandnoble.com/w/radiant-angel-nelson-demille/1121257260;jsessionid=62F107BEED45C0E962751A162F076F8B.prodny_store01-botap11?ean=9780446580854","Hardcover","(05/26/2015)","60","http://www.barnesandnoble.com/b/the-top-100-bestsellers-of-the-year/_/N-1p4d?No=40&Nrpp=20"
"http://www.barnesandnoble.com/w/we-were-liars-e-lockhart/1116530632;jsessionid=D018C178194C09F072EC990F888FF479.prodny_store01-botap05?ean=9780385741262","We Were Liars","http://www.barnesandnoble.com/s/%22E. Lockhart%22;jsessionid=D018C178194C09F072EC990F888FF479.prodny_store01-botap05?Ntk=P_key_Contributor_List&Ns=P_Sales_Rank&Ntx=mode+matchall","E. Lockhart","$10.84","http://www.barnesandnoble.com/w/we-were-liars-e-lockhart/1116530632;jsessionid=D018C178194C09F072EC990F888FF479.prodny_store01-botap05?ean=9780385741262","Hardcover","(05/13/2014)","61","http://www.barnesandnoble.com/b/the-top-100-bestsellers-of-the-year/_/N-1p4d?No=60&Nrpp=20"
"http://www.barnesandnoble.com/w/gathering-prey-john-sandford/1120421985;jsessionid=D018C178194C09F072EC990F888FF479.prodny_store01-botap05?ean=9780399168796","Gathering Prey (Lucas Davenport Series #25)","http://www.barnesandnoble.com/s/%22John Sandford%22;jsessionid=D018C178194C09F072EC990F888FF479.prodny_store01-botap05?Ntk=P_key_Contributor_List&Ns=P_Sales_Rank&Ntx=mode+matchall","John Sandford","$17.71","http://www.barnesandnoble.com/w/gathering-prey-john-sandford/1120421985;jsessionid=D018C178194C09F072EC990F888FF479.prodny_store01-botap05?ean=9780399168796","Hardcover","(04/28/2015)","62","http://www.barnesandnoble.com/b/the-top-100-bestsellers-of-the-year/_/N-1p4d?No=60&Nrpp=20"
"http://www.barnesandnoble.com/w/thug-kitchen-thug-kitchen/1120452855;jsessionid=D018C178194C09F072EC990F888FF479.prodny_store01-botap05?ean=9781623363581","Thug Kitchen: The Official Cookbook: Eat Like You Give a F*ck","http://www.barnesandnoble.com/s/%22Thug Kitchen%22;jsessionid=D018C178194C09F072EC990F888FF479.prodny_store01-botap05?Ntk=P_key_Contributor_List&Ns=P_Sales_Rank&Ntx=mode+matchall","Thug Kitchen","$14.99","http://www.barnesandnoble.com/w/thug-kitchen-thug-kitchen/1120452855;jsessionid=D018C178194C09F072EC990F888FF479.prodny_store01-botap05?ean=9781623363581","Hardcover","(10/07/2014)","63","http://www.barnesandnoble.com/b/the-top-100-bestsellers-of-the-year/_/N-1p4d?No=60&Nrpp=20"
"http://www.barnesandnoble.com/w/night-elie-wiesel/1116731697;jsessionid=D018C178194C09F072EC990F888FF479.prodny_store01-botap05?ean=9780374500016","Night","http://www.barnesandnoble.com/s/%22Elie Wiesel%22;jsessionid=D018C178194C09F072EC990F888FF479.prodny_store01-botap05?Ntk=P_key_Contributor_List&Ns=P_Sales_Rank&Ntx=mode+matchall","Elie Wiesel","$9.95","http://www.barnesandnoble.com/w/night-elie-wiesel/1116731697;jsessionid=D018C178194C09F072EC990F888FF479.prodny_store01-botap05?ean=9780374500016","Paperback","(01/16/2006)","64","http://www.barnesandnoble.com/b/the-top-100-bestsellers-of-the-year/_/N-1p4d?No=60&Nrpp=20"
"http://www.barnesandnoble.com/w/clinton-cash-peter-schweizer/1121369496;jsessionid=D018C178194C09F072EC990F888FF479.prodny_store01-botap05?ean=9780062369284","Clinton Cash: The Untold Story of How and Why Foreign Governments and Businesses Helped Make Bill and Hillary Rich","http://www.barnesandnoble.com/s/%22Peter Schweizer%22;jsessionid=D018C178194C09F072EC990F888FF479.prodny_store01-botap05?Ntk=P_key_Contributor_List&Ns=P_Sales_Rank&Ntx=mode+matchall","Peter Schweizer","$19.98","http://www.barnesandnoble.com/w/clinton-cash-peter-schweizer/1121369496;jsessionid=D018C178194C09F072EC990F888FF479.prodny_store01-botap05?ean=9780062369284","Hardcover","(05/05/2015)","65","http://www.barnesandnoble.com/b/the-top-100-bestsellers-of-the-year/_/N-1p4d?No=60&Nrpp=20"
"http://www.barnesandnoble.com/w/outsiders-se-hinton/1100458329;jsessionid=D018C178194C09F072EC990F888FF479.prodny_store01-botap05?ean=9780142407332","The Outsiders","http://www.barnesandnoble.com/s/%22S. E. Hinton%22;jsessionid=D018C178194C09F072EC990F888FF479.prodny_store01-botap05?Ntk=P_key_Contributor_List&Ns=P_Sales_Rank&Ntx=mode+matchall","S. E. Hinton","$6.45","http://www.barnesandnoble.com/w/outsiders-se-hinton/1100458329;jsessionid=D018C178194C09F072EC990F888FF479.prodny_store01-botap05?ean=9780142407332","Paperback","(04/20/2006)","66","http://www.barnesandnoble.com/b/the-top-100-bestsellers-of-the-year/_/N-1p4d?No=60&Nrpp=20"
"http://www.barnesandnoble.com/w/saint-odd-dean-koontz/1119686046;jsessionid=D018C178194C09F072EC990F888FF479.prodny_store01-botap05?ean=9780345545879","Saint Odd (Odd Thomas Series #7)","http://www.barnesandnoble.com/s/%22Dean Koontz%22;jsessionid=D018C178194C09F072EC990F888FF479.prodny_store01-botap05?Ntk=P_key_Contributor_List&Ns=P_Sales_Rank&Ntx=mode+matchall","Dean Koontz","$17.97","http://www.barnesandnoble.com/w/saint-odd-dean-koontz/1119686046;jsessionid=D018C178194C09F072EC990F888FF479.prodny_store01-botap05?ean=9780345545879","Hardcover","(01/13/2015)","67","http://www.barnesandnoble.com/b/the-top-100-bestsellers-of-the-year/_/N-1p4d?No=60&Nrpp=20"
"http://www.barnesandnoble.com/w/zero-belly-diet-david-zinczenko/1120419250;jsessionid=D018C178194C09F072EC990F888FF479.prodny_store01-botap05?ean=9780345547958","Zero Belly Diet: Lose Up to 16 lbs. in 14 Days!","http://www.barnesandnoble.com/s/%22David Zinczenko%22;jsessionid=D018C178194C09F072EC990F888FF479.prodny_store01-botap05?Ntk=P_key_Contributor_List&Ns=P_Sales_Rank&Ntx=mode+matchall","David Zinczenko","$16.54","http://www.barnesandnoble.com/w/zero-belly-diet-david-zinczenko/1120419250;jsessionid=D018C178194C09F072EC990F888FF479.prodny_store01-botap05?ean=9780345547958","Hardcover","(12/30/2014)","68","http://www.barnesandnoble.com/b/the-top-100-bestsellers-of-the-year/_/N-1p4d?No=60&Nrpp=20"
"http://www.barnesandnoble.com/w/the-whole30-dallas-hartwig/1120671486;jsessionid=D018C178194C09F072EC990F888FF479.prodny_store01-botap05?ean=9780544609716","The Whole30: The 30-Day Guide to Total Health and Food Freedom","http://www.barnesandnoble.com/s/%22Melissa Hartwig%22;jsessionid=D018C178194C09F072EC990F888FF479.prodny_store01-botap05?Ntk=P_key_Contributor_List&Ns=P_Sales_Rank&Ntx=mode+matchall","Melissa Hartwig","$18.72","http://www.barnesandnoble.com/w/the-whole30-dallas-hartwig/1120671486;jsessionid=D018C178194C09F072EC990F888FF479.prodny_store01-botap05?ean=9780544609716","Hardcover","(04/21/2015)","69","http://www.barnesandnoble.com/b/the-top-100-bestsellers-of-the-year/_/N-1p4d?No=60&Nrpp=20"
"http://www.barnesandnoble.com/w/four-agreements-don-miguel-ruiz/1100993587;jsessionid=D018C178194C09F072EC990F888FF479.prodny_store01-botap05?ean=9781878424310","The Four Agreements: A Practical Guide to Personal Freedom","http://www.barnesandnoble.com/s/%22don Miguel Ruiz%22;jsessionid=D018C178194C09F072EC990F888FF479.prodny_store01-botap05?Ntk=P_key_Contributor_List&Ns=P_Sales_Rank&Ntx=mode+matchall","don Miguel Ruiz","$8.09","http://www.barnesandnoble.com/w/four-agreements-don-miguel-ruiz/1100993587;jsessionid=D018C178194C09F072EC990F888FF479.prodny_store01-botap05?ean=9781878424310","Paperback","(11/28/1997)","70","http://www.barnesandnoble.com/b/the-top-100-bestsellers-of-the-year/_/N-1p4d?No=60&Nrpp=20"
"http://www.barnesandnoble.com/w/picture-your-prosperity-ellen-rogin/1120263150;jsessionid=D018C178194C09F072EC990F888FF479.prodny_store01-botap05?ean=9781591847397","Picture Your Prosperity: Smart Money Moves to Turn Your Vision into Reality","http://www.barnesandnoble.com/s/%22Ellen Rogin%22;jsessionid=D018C178194C09F072EC990F888FF479.prodny_store01-botap05?Ntk=P_key_Contributor_List&Ns=P_Sales_Rank&Ntx=mode+matchall","Ellen Rogin","$21.45","http://www.barnesandnoble.com/w/picture-your-prosperity-ellen-rogin/1120263150;jsessionid=D018C178194C09F072EC990F888FF479.prodny_store01-botap05?ean=9781591847397","Hardcover","(01/13/2015)","71","http://www.barnesandnoble.com/b/the-top-100-bestsellers-of-the-year/_/N-1p4d?No=60&Nrpp=20"
"http://www.barnesandnoble.com/w/the-heir-kiera-cass/1120143461;jsessionid=D018C178194C09F072EC990F888FF479.prodny_store01-botap05?ean=9780062349859","The Heir (Selection Series #4)","http://www.barnesandnoble.com/s/%22Kiera Cass%22;jsessionid=D018C178194C09F072EC990F888FF479.prodny_store01-botap05?Ntk=P_key_Contributor_List&Ns=P_Sales_Rank&Ntx=mode+matchall","Kiera Cass","$11.44","http://www.barnesandnoble.com/w/the-heir-kiera-cass/1120143461;jsessionid=D018C178194C09F072EC990F888FF479.prodny_store01-botap05?ean=9780062349859","Hardcover","(05/05/2015)","72","http://www.barnesandnoble.com/b/the-top-100-bestsellers-of-the-year/_/N-1p4d?No=60&Nrpp=20"
"http://www.barnesandnoble.com/w/how-to-read-literature-like-a-professor-revised-thomas-c-foster/1116864966;jsessionid=D018C178194C09F072EC990F888FF479.prodny_store01-botap05?ean=9780062301673","How to Read Literature Like a Professor Revised: A Lively and Entertaining Guide to Reading Between the Lines","http://www.barnesandnoble.com/s/%22Thomas C. Foster%22;jsessionid=D018C178194C09F072EC990F888FF479.prodny_store01-botap05?Ntk=P_key_Contributor_List&Ns=P_Sales_Rank&Ntx=mode+matchall","Thomas C. Foster","$10.26","http://www.barnesandnoble.com/w/how-to-read-literature-like-a-professor-revised-thomas-c-foster/1116864966;jsessionid=D018C178194C09F072EC990F888FF479.prodny_store01-botap05?ean=9780062301673","Paperback","(02/25/2014)","73","http://www.barnesandnoble.com/b/the-top-100-bestsellers-of-the-year/_/N-1p4d?No=60&Nrpp=20"
"http://www.barnesandnoble.com/w/fifty-shades-darker-e-l-james/1107731972;jsessionid=D018C178194C09F072EC990F888FF479.prodny_store01-botap05?ean=9780345803498","Fifty Shades Darker (Fifty Shades Trilogy #2)","http://www.barnesandnoble.com/s/%22E L James%22;jsessionid=D018C178194C09F072EC990F888FF479.prodny_store01-botap05?Ntk=P_key_Contributor_List&Ns=P_Sales_Rank&Ntx=mode+matchall","E L James","$9.84","http://www.barnesandnoble.com/w/fifty-shades-darker-e-l-james/1107731972;jsessionid=D018C178194C09F072EC990F888FF479.prodny_store01-botap05?ean=9780345803498","Paperback","(04/17/2012)","74","http://www.barnesandnoble.com/b/the-top-100-bestsellers-of-the-year/_/N-1p4d?No=60&Nrpp=20"
"http://www.barnesandnoble.com/w/the-stranger-harlan-coben/1119859029;jsessionid=D018C178194C09F072EC990F888FF479.prodny_store01-botap05?ean=9780525953500","The Stranger","http://www.barnesandnoble.com/s/%22Harlan Coben%22;jsessionid=D018C178194C09F072EC990F888FF479.prodny_store01-botap05?Ntk=P_key_Contributor_List&Ns=P_Sales_Rank&Ntx=mode+matchall","Harlan Coben","$17.33","http://www.barnesandnoble.com/w/the-stranger-harlan-coben/1119859029;jsessionid=D018C178194C09F072EC990F888FF479.prodny_store01-botap05?ean=9780525953500","Hardcover","(03/24/2015)","75","http://www.barnesandnoble.com/b/the-top-100-bestsellers-of-the-year/_/N-1p4d?No=60&Nrpp=20"
"http://www.barnesandnoble.com/w/things-fall-apart-chinua-achebe/1116754130;jsessionid=D018C178194C09F072EC990F888FF479.prodny_store01-botap05?ean=9780385474542","Things Fall Apart","http://www.barnesandnoble.com/s/%22Chinua Achebe%22;jsessionid=D018C178194C09F072EC990F888FF479.prodny_store01-botap05?Ntk=P_key_Contributor_List&Ns=P_Sales_Rank&Ntx=mode+matchall","Chinua Achebe","$7.11","http://www.barnesandnoble.com/w/things-fall-apart-chinua-achebe/1116754130;jsessionid=D018C178194C09F072EC990F888FF479.prodny_store01-botap05?ean=9780385474542","Paperback","(09/28/1994)","76","http://www.barnesandnoble.com/b/the-top-100-bestsellers-of-the-year/_/N-1p4d?No=60&Nrpp=20"
"http://www.barnesandnoble.com/w/giver-lois-lowry/1100295882;jsessionid=D018C178194C09F072EC990F888FF479.prodny_store01-botap05?ean=9780544336261","The Giver","http://www.barnesandnoble.com/s/%22Lois Lowry%22;jsessionid=D018C178194C09F072EC990F888FF479.prodny_store01-botap05?Ntk=P_key_Contributor_List&Ns=P_Sales_Rank&Ntx=mode+matchall","Lois Lowry","$8.99","http://www.barnesandnoble.com/w/giver-lois-lowry/1100295882;jsessionid=D018C178194C09F072EC990F888FF479.prodny_store01-botap05?ean=9780544336261","Paperback","(07/01/2014)","77","http://www.barnesandnoble.com/b/the-top-100-bestsellers-of-the-year/_/N-1p4d?No=60&Nrpp=20"
"http://www.barnesandnoble.com/w/nypd-red-3-james-patterson/1119921248;jsessionid=D018C178194C09F072EC990F888FF479.prodny_store01-botap05?ean=9780316406994","NYPD Red 3","http://www.barnesandnoble.com/s/%22James Patterson%22;jsessionid=D018C178194C09F072EC990F888FF479.prodny_store01-botap05?Ntk=P_key_Contributor_List&Ns=P_Sales_Rank&Ntx=mode+matchall","James Patterson","$21.38","http://www.barnesandnoble.com/w/nypd-red-3-james-patterson/1119921248;jsessionid=D018C178194C09F072EC990F888FF479.prodny_store01-botap05?ean=9780316406994","Hardcover","(03/16/2015)","78","http://www.barnesandnoble.com/b/the-top-100-bestsellers-of-the-year/_/N-1p4d?No=60&Nrpp=20"
"http://www.barnesandnoble.com/w/deal-bill-kreutzmann/1120204838;jsessionid=D018C178194C09F072EC990F888FF479.prodny_store01-botap05?ean=9781250033796","Deal: My Three Decades of Drumming, Dreams, and Drugs with the Grateful Dead","http://www.barnesandnoble.com/s/%22Bill Kreutzmann%22;jsessionid=D018C178194C09F072EC990F888FF479.prodny_store01-botap05?Ntk=P_key_Contributor_List&Ns=P_Sales_Rank&Ntx=mode+matchall","Bill Kreutzmann","$19.71","http://www.barnesandnoble.com/w/deal-bill-kreutzmann/1120204838;jsessionid=D018C178194C09F072EC990F888FF479.prodny_store01-botap05?ean=9781250033796","Hardcover","(05/05/2015)","79","http://www.barnesandnoble.com/b/the-top-100-bestsellers-of-the-year/_/N-1p4d?No=60&Nrpp=20"
"http://www.barnesandnoble.com/w/what-do-you-do-with-an-idea-kobi-yamada/1117006312;jsessionid=D018C178194C09F072EC990F888FF479.prodny_store01-botap05?ean=9781938298073","What Do You Do With an Idea?","http://www.barnesandnoble.com/s/%22Kobi Yamada%22;jsessionid=D018C178194C09F072EC990F888FF479.prodny_store01-botap05?Ntk=P_key_Contributor_List&Ns=P_Sales_Rank&Ntx=mode+matchall","Kobi Yamada","$11.74","http://www.barnesandnoble.com/w/what-do-you-do-with-an-idea-kobi-yamada/1117006312;jsessionid=D018C178194C09F072EC990F888FF479.prodny_store01-botap05?ean=9781938298073","Hardcover","(02/01/2014)","80","http://www.barnesandnoble.com/b/the-top-100-bestsellers-of-the-year/_/N-1p4d?No=60&Nrpp=20"
"http://www.barnesandnoble.com/w/i-hate-myselfie-shane-dawson/1120840897;jsessionid=D62F2D7F50DE70017F0CE58D3D423C9E.prodny_store01-va16?ean=9781476791548","I Hate Myselfie: A Collection of Essays by Shane Dawson","http://www.barnesandnoble.com/s/%22Shane Dawson%22;jsessionid=D62F2D7F50DE70017F0CE58D3D423C9E.prodny_store01-va16?Ntk=P_key_Contributor_List&Ns=P_Sales_Rank&Ntx=mode+matchall","Shane Dawson","$9.84","http://www.barnesandnoble.com/w/i-hate-myselfie-shane-dawson/1120840897;jsessionid=D62F2D7F50DE70017F0CE58D3D423C9E.prodny_store01-va16?ean=9781476791548","Paperback","(03/10/2015)","81","http://www.barnesandnoble.com/b/the-top-100-bestsellers-of-the-year/_/N-1p4d?No=80&Nrpp=20"
"http://www.barnesandnoble.com/w/house-on-mango-street-sandra-cisneros/1100476125;jsessionid=D62F2D7F50DE70017F0CE58D3D423C9E.prodny_store01-va16?ean=9780679734772","The House on Mango Street","http://www.barnesandnoble.com/s/%22Sandra Cisneros%22;jsessionid=D62F2D7F50DE70017F0CE58D3D423C9E.prodny_store01-va16?Ntk=P_key_Contributor_List&Ns=P_Sales_Rank&Ntx=mode+matchall","Sandra Cisneros","$6.54","http://www.barnesandnoble.com/w/house-on-mango-street-sandra-cisneros/1100476125;jsessionid=D62F2D7F50DE70017F0CE58D3D423C9E.prodny_store01-va16?ean=9780679734772","Paperback","(01/28/1984)","82","http://www.barnesandnoble.com/b/the-top-100-bestsellers-of-the-year/_/N-1p4d?No=80&Nrpp=20"
"http://www.barnesandnoble.com/w/fifty-shades-freed-e-l-james/1108192066;jsessionid=D62F2D7F50DE70017F0CE58D3D423C9E.prodny_store01-va16?ean=9780345803504","Fifty Shades Freed (Fifty Shades Trilogy #3)","http://www.barnesandnoble.com/s/%22E L James%22;jsessionid=D62F2D7F50DE70017F0CE58D3D423C9E.prodny_store01-va16?Ntk=P_key_Contributor_List&Ns=P_Sales_Rank&Ntx=mode+matchall","E L James","$9.84","http://www.barnesandnoble.com/w/fifty-shades-freed-e-l-james/1108192066;jsessionid=D62F2D7F50DE70017F0CE58D3D423C9E.prodny_store01-va16?ean=9780345803504","Paperback","(04/17/2012)","83","http://www.barnesandnoble.com/b/the-top-100-bestsellers-of-the-year/_/N-1p4d?No=80&Nrpp=20"
"http://www.barnesandnoble.com/w/things-they-carried-tim-obrien/1100228685;jsessionid=D62F2D7F50DE70017F0CE58D3D423C9E.prodny_store01-va16?ean=9780618706419","The Things They Carried","http://www.barnesandnoble.com/s/%22Tim O'Brien%22;jsessionid=D62F2D7F50DE70017F0CE58D3D423C9E.prodny_store01-va16?Ntk=P_key_Contributor_List&Ns=P_Sales_Rank&Ntx=mode+matchall","Tim O'Brien","$10.23","http://www.barnesandnoble.com/w/things-they-carried-tim-obrien/1100228685;jsessionid=D62F2D7F50DE70017F0CE58D3D423C9E.prodny_store01-va16?ean=9780618706419","Paperback","(10/13/2009)","84","http://www.barnesandnoble.com/b/the-top-100-bestsellers-of-the-year/_/N-1p4d?No=80&Nrpp=20"
"http://www.barnesandnoble.com/w/the-goldfinch-donna-tartt/1114308487;jsessionid=D62F2D7F50DE70017F0CE58D3D423C9E.prodny_store01-va16?ean=9780316055444","The Goldfinch","http://www.barnesandnoble.com/s/%22Donna Tartt%22;jsessionid=D62F2D7F50DE70017F0CE58D3D423C9E.prodny_store01-va16?Ntk=P_key_Contributor_List&Ns=P_Sales_Rank&Ntx=mode+matchall","Donna Tartt","$11.90","http://www.barnesandnoble.com/w/the-goldfinch-donna-tartt/1114308487;jsessionid=D62F2D7F50DE70017F0CE58D3D423C9E.prodny_store01-va16?ean=9780316055444","Paperback","(04/07/2015)","85","http://www.barnesandnoble.com/b/the-top-100-bestsellers-of-the-year/_/N-1p4d?No=80&Nrpp=20"
"http://www.barnesandnoble.com/w/peanut-butter-cupcake-terry-border/1117745887;jsessionid=D62F2D7F50DE70017F0CE58D3D423C9E.prodny_store01-va16?ean=9780399167737","Peanut Butter & Cupcake","http://www.barnesandnoble.com/s/%22Terry Border%22;jsessionid=D62F2D7F50DE70017F0CE58D3D423C9E.prodny_store01-va16?Ntk=P_key_Contributor_List&Ns=P_Sales_Rank&Ntx=mode+matchall","Terry Border","$14.52","http://www.barnesandnoble.com/w/peanut-butter-cupcake-terry-border/1117745887;jsessionid=D62F2D7F50DE70017F0CE58D3D423C9E.prodny_store01-va16?ean=9780399167737","Hardcover","(07/29/2014)","86","http://www.barnesandnoble.com/b/the-top-100-bestsellers-of-the-year/_/N-1p4d?No=80&Nrpp=20"
"http://www.barnesandnoble.com/w/7-habits-of-highly-effective-teens-sean-covey/1100332369;jsessionid=D62F2D7F50DE70017F0CE58D3D423C9E.prodny_store01-va16?ean=9781476764665","The 7 Habits of Highly Effective Teens","http://www.barnesandnoble.com/s/%22Sean Covey%22;jsessionid=D62F2D7F50DE70017F0CE58D3D423C9E.prodny_store01-va16?Ntk=P_key_Contributor_List&Ns=P_Sales_Rank&Ntx=mode+matchall","Sean Covey","$10.11","http://www.barnesandnoble.com/w/7-habits-of-highly-effective-teens-sean-covey/1100332369;jsessionid=D62F2D7F50DE70017F0CE58D3D423C9E.prodny_store01-va16?ean=9781476764665","Paperback","(05/27/2014)","87","http://www.barnesandnoble.com/b/the-top-100-bestsellers-of-the-year/_/N-1p4d?No=80&Nrpp=20"
"http://www.barnesandnoble.com/w/the-real-act-3rd-edition-act-inc/1105552486;jsessionid=D62F2D7F50DE70017F0CE58D3D423C9E.prodny_store01-va16?ean=9780768934328","The Real ACT, 3rd Edition","http://www.barnesandnoble.com/s/%22ACT%22;jsessionid=D62F2D7F50DE70017F0CE58D3D423C9E.prodny_store01-va16?Ntk=P_key_Contributor_List&Ns=P_Sales_Rank&Ntx=mode+matchall","ACT","$19.66","http://www.barnesandnoble.com/w/the-real-act-3rd-edition-act-inc/1105552486;jsessionid=D62F2D7F50DE70017F0CE58D3D423C9E.prodny_store01-va16?ean=9780768934328","Paperback","(09/06/2011)","88","http://www.barnesandnoble.com/b/the-top-100-bestsellers-of-the-year/_/N-1p4d?No=80&Nrpp=20"
"http://www.barnesandnoble.com/w/the-husbands-secret-liane-moriarty/1114700914;jsessionid=D62F2D7F50DE70017F0CE58D3D423C9E.prodny_store01-va16?ean=9780425267721","The Husband's Secret","http://www.barnesandnoble.com/s/%22Liane Moriarty%22;jsessionid=D62F2D7F50DE70017F0CE58D3D423C9E.prodny_store01-va16?Ntk=P_key_Contributor_List&Ns=P_Sales_Rank&Ntx=mode+matchall","Liane Moriarty","$10.27","http://www.barnesandnoble.com/w/the-husbands-secret-liane-moriarty/1114700914;jsessionid=D62F2D7F50DE70017F0CE58D3D423C9E.prodny_store01-va16?ean=9780425267721","Paperback","(03/03/2015)","89","http://www.barnesandnoble.com/b/the-top-100-bestsellers-of-the-year/_/N-1p4d?No=80&Nrpp=20"
"http://www.barnesandnoble.com/w/what-to-expect-when-youre-expecting-heidi-murkoff/1100304824;jsessionid=D62F2D7F50DE70017F0CE58D3D423C9E.prodny_store01-va16?ean=9780761148579","What to Expect When You're Expecting","http://www.barnesandnoble.com/s/%22Heidi Murkoff%22;jsessionid=D62F2D7F50DE70017F0CE58D3D423C9E.prodny_store01-va16?Ntk=P_key_Contributor_List&Ns=P_Sales_Rank&Ntx=mode+matchall","Heidi Murkoff","$9.11","http://www.barnesandnoble.com/w/what-to-expect-when-youre-expecting-heidi-murkoff/1100304824;jsessionid=D62F2D7F50DE70017F0CE58D3D423C9E.prodny_store01-va16?ean=9780761148579","Paperback","(04/10/2008)","90","http://www.barnesandnoble.com/b/the-top-100-bestsellers-of-the-year/_/N-1p4d?No=80&Nrpp=20"
"http://www.barnesandnoble.com/w/the-english-spy-daniel-silva/1121093015;jsessionid=D62F2D7F50DE70017F0CE58D3D423C9E.prodny_store01-va16?ean=9780062320131","The English Spy (Gabriel Allon Series #15)","http://www.barnesandnoble.com/s/%22Daniel Silva%22;jsessionid=D62F2D7F50DE70017F0CE58D3D423C9E.prodny_store01-va16?Ntk=P_key_Contributor_List&Ns=P_Sales_Rank&Ntx=mode+matchall","Daniel Silva","$17.12","http://www.barnesandnoble.com/w/the-english-spy-daniel-silva/1121093015;jsessionid=D62F2D7F50DE70017F0CE58D3D423C9E.prodny_store01-va16?ean=9780062320131","Hardcover","(06/30/2015)","91","http://www.barnesandnoble.com/b/the-top-100-bestsellers-of-the-year/_/N-1p4d?No=80&Nrpp=20"
"http://www.barnesandnoble.com/w/all-the-bright-places-jennifer-niven/1119884781;jsessionid=D62F2D7F50DE70017F0CE58D3D423C9E.prodny_store01-va16?ean=9780385755887","All the Bright Places","http://www.barnesandnoble.com/s/%22Jennifer Niven%22;jsessionid=D62F2D7F50DE70017F0CE58D3D423C9E.prodny_store01-va16?Ntk=P_key_Contributor_List&Ns=P_Sales_Rank&Ntx=mode+matchall","Jennifer Niven","$11.36","http://www.barnesandnoble.com/w/all-the-bright-places-jennifer-niven/1119884781;jsessionid=D62F2D7F50DE70017F0CE58D3D423C9E.prodny_store01-va16?ean=9780385755887","Hardcover","(01/06/2015)","92","http://www.barnesandnoble.com/b/the-top-100-bestsellers-of-the-year/_/N-1p4d?No=80&Nrpp=20"
"http://www.barnesandnoble.com/w/killing-patton-bill-oreilly/1119628112;jsessionid=D62F2D7F50DE70017F0CE58D3D423C9E.prodny_store01-va16?ean=9780805096682","Killing Patton: The Strange Death of World War II's Most Audacious General","http://www.barnesandnoble.com/s/%22Bill O'Reilly%22;jsessionid=D62F2D7F50DE70017F0CE58D3D423C9E.prodny_store01-va16?Ntk=P_key_Contributor_List&Ns=P_Sales_Rank&Ntx=mode+matchall","Bill O'Reilly","$18.51","http://www.barnesandnoble.com/w/killing-patton-bill-oreilly/1119628112;jsessionid=D62F2D7F50DE70017F0CE58D3D423C9E.prodny_store01-va16?ean=9780805096682","Hardcover","(09/23/2014)","93","http://www.barnesandnoble.com/b/the-top-100-bestsellers-of-the-year/_/N-1p4d?No=80&Nrpp=20"
"http://www.barnesandnoble.com/w/lean-in-sheryl-sandberg/1113126153;jsessionid=D62F2D7F50DE70017F0CE58D3D423C9E.prodny_store01-va16?ean=9780385349949","Lean In: Women, Work, and the Will to Lead","http://www.barnesandnoble.com/s/%22Sheryl Sandberg%22;jsessionid=D62F2D7F50DE70017F0CE58D3D423C9E.prodny_store01-va16?Ntk=P_key_Contributor_List&Ns=P_Sales_Rank&Ntx=mode+matchall","Sheryl Sandberg","$14.85","http://www.barnesandnoble.com/w/lean-in-sheryl-sandberg/1113126153;jsessionid=D62F2D7F50DE70017F0CE58D3D423C9E.prodny_store01-va16?ean=9780385349949","Hardcover","(03/11/2013)","94","http://www.barnesandnoble.com/b/the-top-100-bestsellers-of-the-year/_/N-1p4d?No=80&Nrpp=20"
"http://www.barnesandnoble.com/w/the-blood-of-olympus-rick-riordan/1117136528;jsessionid=D62F2D7F50DE70017F0CE58D3D423C9E.prodny_store01-va16?ean=9781423146735","The Blood of Olympus (Heroes of Olympus Series #5)","http://www.barnesandnoble.com/s/%22Rick Riordan%22;jsessionid=D62F2D7F50DE70017F0CE58D3D423C9E.prodny_store01-va16?Ntk=P_key_Contributor_List&Ns=P_Sales_Rank&Ntx=mode+matchall","Rick Riordan","$11.99","http://www.barnesandnoble.com/w/the-blood-of-olympus-rick-riordan/1117136528;jsessionid=D62F2D7F50DE70017F0CE58D3D423C9E.prodny_store01-va16?ean=9781423146735","Hardcover","(10/07/2014)","95","http://www.barnesandnoble.com/b/the-top-100-bestsellers-of-the-year/_/N-1p4d?No=80&Nrpp=20"
"http://www.barnesandnoble.com/w/private-vegas-james-patterson/1119439639;jsessionid=D62F2D7F50DE70017F0CE58D3D423C9E.prodny_store01-va16?ean=9780316211154","Private Vegas","http://www.barnesandnoble.com/s/%22James Patterson%22;jsessionid=D62F2D7F50DE70017F0CE58D3D423C9E.prodny_store01-va16?Ntk=P_key_Contributor_List&Ns=P_Sales_Rank&Ntx=mode+matchall","James Patterson","$19.97","http://www.barnesandnoble.com/w/private-vegas-james-patterson/1119439639;jsessionid=D62F2D7F50DE70017F0CE58D3D423C9E.prodny_store01-va16?ean=9780316211154","Hardcover","(01/26/2015)","96","http://www.barnesandnoble.com/b/the-top-100-bestsellers-of-the-year/_/N-1p4d?No=80&Nrpp=20"
"http://www.barnesandnoble.com/w/start-with-why-simon-sinek/1016513563;jsessionid=D62F2D7F50DE70017F0CE58D3D423C9E.prodny_store01-va16?ean=9781591846444","Start with Why: How Great Leaders Inspire Everyone to Take Action","http://www.barnesandnoble.com/s/%22Simon Sinek%22;jsessionid=D62F2D7F50DE70017F0CE58D3D423C9E.prodny_store01-va16?Ntk=P_key_Contributor_List&Ns=P_Sales_Rank&Ntx=mode+matchall","Simon Sinek","$9.52","http://www.barnesandnoble.com/w/start-with-why-simon-sinek/1016513563;jsessionid=D62F2D7F50DE70017F0CE58D3D423C9E.prodny_store01-va16?ean=9781591846444","Paperback","(12/27/2011)","97","http://www.barnesandnoble.com/b/the-top-100-bestsellers-of-the-year/_/N-1p4d?No=80&Nrpp=20"
"http://www.barnesandnoble.com/w/alchemist-paulo-coelho/1100248293;jsessionid=D62F2D7F50DE70017F0CE58D3D423C9E.prodny_store01-va16?ean=9780062315007","The Alchemist (25th Anniversary Edition)","http://www.barnesandnoble.com/s/%22Paulo Coelho%22;jsessionid=D62F2D7F50DE70017F0CE58D3D423C9E.prodny_store01-va16?Ntk=P_key_Contributor_List&Ns=P_Sales_Rank&Ntx=mode+matchall","Paulo Coelho","$10.11","http://www.barnesandnoble.com/w/alchemist-paulo-coelho/1100248293;jsessionid=D62F2D7F50DE70017F0CE58D3D423C9E.prodny_store01-va16?ean=9780062315007","Paperback","(04/15/2014)","98","http://www.barnesandnoble.com/b/the-top-100-bestsellers-of-the-year/_/N-1p4d?No=80&Nrpp=20"
"http://www.barnesandnoble.com/w/dark-places-gillian-flynn/1101890150;jsessionid=D62F2D7F50DE70017F0CE58D3D423C9E.prodny_store01-va16?ean=9780307341570","Dark Places","http://www.barnesandnoble.com/s/%22Gillian Flynn%22;jsessionid=D62F2D7F50DE70017F0CE58D3D423C9E.prodny_store01-va16?Ntk=P_key_Contributor_List&Ns=P_Sales_Rank&Ntx=mode+matchall","Gillian Flynn","$8.45","http://www.barnesandnoble.com/w/dark-places-gillian-flynn/1101890150;jsessionid=D62F2D7F50DE70017F0CE58D3D423C9E.prodny_store01-va16?ean=9780307341570","Paperback","(05/04/2010)","99","http://www.barnesandnoble.com/b/the-top-100-bestsellers-of-the-year/_/N-1p4d?No=80&Nrpp=20"
"http://www.barnesandnoble.com/w/outliers-malcolm-gladwell/1100030024;jsessionid=D62F2D7F50DE70017F0CE58D3D423C9E.prodny_store01-va16?ean=9780316017930","Outliers: The Story of Success","http://www.barnesandnoble.com/s/%22Malcolm Gladwell%22;jsessionid=D62F2D7F50DE70017F0CE58D3D423C9E.prodny_store01-va16?Ntk=P_key_Contributor_List&Ns=P_Sales_Rank&Ntx=mode+matchall","Malcolm Gladwell","$10.61","http://www.barnesandnoble.com/w/outliers-malcolm-gladwell/1100030024;jsessionid=D62F2D7F50DE70017F0CE58D3D423C9E.prodny_store01-va16?ean=9780316017930","Paperback","(06/07/2011)","100","http://www.barnesandnoble.com/b/the-top-100-bestsellers-of-the-year/_/N-1p4d?No=80&Nrpp=20"
